Name,"Value";"Comment"
B_Add.Content,"Hinzufügen";"Add"
B_AddBook.ToolTipService.ToolTip,"Neues Buch hinzufügen";"Add new book"
B_AddBookmark.ToolTipService.ToolTip,"Lesezeichen hinzufügen";"Add Bookmark"
B_AddFolder.Content,"Ordner hinzufügen";"Add folder"
B_AddNote.ToolTipService.ToolTip,"Notiz hinzufügen";"Add Note"
B_AddSite.ToolTipService.ToolTip,"Neue Site hinzufügen";"Add new site"
B_AudioSettings.ToolTipService.ToolTip,"Audioeinstellungen";"Audio settings"
B_Back.Content,"Zurück";"Back"
B_Back1.ToolTipService.ToolTip,"Zurück";"Back"
B_Backup_Bkp.Content,"Sichern";"Backup"
B_Backup_Restore.Content,"Wiederherstellen";"Restore"
B_Blog.ToolTipService.ToolTip,"Lesen Sie unseren Blog";"Read our blog"
B_Bookmarks.ToolTipService.ToolTip,"Lesezeichen";"Bookmarks"
B_Cancel.Content,"Abbrechen";"Cancel"
B_ChngLog.ToolTipService.ToolTip,"Änderungsprotokoll";"Change log"
B_ClearHighlight.ToolTipService.ToolTip,"Hervorhebung löschen";"Clear highlight"
B_Close.Content,"Schließen";"Close"
B_Close1.ToolTipService.ToolTip,"Schließen";"Close"
B_Collapse.ToolTipService.ToolTip,"Reduzieren";"Collapse"
B_ColorMenu.ToolTipService.ToolTip,"Farbmenü";"Color Menu"
B_ContactSupport.ToolTipService.ToolTip,"Support kontaktieren";"Contact support"
B_Copy.ToolTipService.ToolTip,"Kopieren";"Copy"
B_Credits.ToolTipService.ToolTip,"Credits";"Credits"
B_Delete.Text,"Löschen";"Delete"
B_DeleteNote.ToolTipService.ToolTip,"Notiz löschen";"Delete note"
B_Done.ToolTipService.ToolTip,"Fertig";"Done"
B_Downloads.ToolTipService.ToolTip,"Downloads";"Downloads"
B_ExitReadingMode.ToolTipService.ToolTip,"Lesemodus beenden (Strg + E)";"Exit Reading Mode (Ctrl + E)"
B_Expand.ToolTipService.ToolTip,"Erweitern";"Expand"
B_ExportCollection.ToolTipService.ToolTip,"Sammlungen exportieren";"Export collections"
B_Fb.ToolTipService.ToolTip,"Liken Sie uns auf Facebook";"Like us on Facebook"
B_Female.Content,"Weiblich";"Female"
B_FilterFav.ToolTipService.ToolTip,"Nach Favoriten filtern";"Filter by favorites"
B_Forward.ToolTipService.ToolTip,"Weiter";"Forward"
B_General.Content,"Zurücksetzen";"Reset"
B_GitHub.ToolTipService.ToolTip,"GitHub";"GitHub"
B_Group.ToolTipService.ToolTip,"Gruppieren";"Group"
B_Highlight.ToolTipService.ToolTip,"Hervorheben";"Highlight"
B_Home.ToolTipService.ToolTip,"Home";"Home"
B_Information.ToolTipService.ToolTip,"Informationen";"Information"
B_JSInspect.ToolTipService.ToolTip,"JS-Prüfung";"JS Inspect"
B_LinkBack.ToolTipService.ToolTip,"Zurück zur Linkquelle";"Go back to link source"
B_Mail.ToolTipService.ToolTip,"Mail";"Mail"
B_Male.Content,"Männlich";"Male"
B_MatchCase.ToolTipService.ToolTip,"Groß-/Kleinschreibung beachten";"Match case"
B_MatchWWord.ToolTipService.ToolTip,"Ganzes Wort beachten";"Match whole word"
B_Next.Content,"Weiter";"Next"
B_NextLine.ToolTipService.ToolTip,"Nächste Zeile (Strg + →)";"Next Line (Ctrl + →)"
B_NH.ToolTipService.ToolTip,"Notizen & Markierungen";"Notes & Highlights"
B_OpenBook.Content,"Buch öffnen";"Open Book"
B_Pag1Cols.ToolTipService.ToolTip,"1 Spalte paginiert";"Paginated 1 column"
B_Pag2Cols.ToolTipService.ToolTip,"2 Spalten paginiert";"Paginated 2 columns"
B_PagVertical.ToolTipService.ToolTip,"Vertikales Scrollen";"Vertical scroll"
B_PreviousLine.ToolTipService.ToolTip,"Vorherige Zeile (Strg + ←)";"Previous Line (Ctrl + ←)"
B_PrivacyPolicy.ToolTipService.ToolTip,"Datenschutzrichtlinie";"Privacy policy"
B_RateStore.ToolTipService.ToolTip,"Im Store bewerten";"Rate on store"
B_ReadAloud.ToolTipService.ToolTip,"Vorlesen (Strg + R)";"Read Aloud (Ctrl + R)"
B_ReadAloud1.ToolTipService.ToolTip,"Vorlesen";"ReadAloud"
B_ReadAloudSettings.ToolTipService.ToolTip,"Vorleseeinstellungen";"ReadAloud settings"
B_Refresh.ToolTipService.ToolTip,"Aktualisieren";"Refresh"
B_Remove.ToolTipService.ToolTip,"Entfernen";"Remove"
B_Reset.ToolTipService.ToolTip,"Zurücksetzen";"Reset"
B_RmSyncFolderBtn1.Content,"Ja, aber Bücher behalten";"Yes, but keep books"
B_RmSyncFolderBtn2.Content,"Ja, und Bücher entfernen";"Yes, and remove books"
B_Save.Content,"Speichern";"Save"
B_Search.ToolTipService.ToolTip,"Suchen";"Search"
B_Search1.ToolTipService.ToolTip,"Suchen (Strg + F)";"Search (Ctrl + F)"
B_SearchWeb.ToolTipService.ToolTip,"Im Web suchen";"Search web"
B_SelectFolder.ToolTipService.ToolTip,"Ordner auswählen";"Select folder"
B_SelectIcon.Content,"Symbol auswählen";"Select icon"
B_ShowCB.ToolTipService.ToolTip,"Befehlsleiste anzeigen";"Show command bar"
B_Sort.ToolTipService.ToolTip,"Sortieren";"Sort"
B_Sync_Edit.ToolTipService.ToolTip,"Bearbeiten";"Edit"
B_TextFormat.ToolTipService.ToolTip,"Textformat";"Text Format"
B_TextStyle.ToolTipService.ToolTip,"Textstil";"Text Style"
B_Theme1.Content,"Weiß";"White"
B_Theme1.ToolTipService.ToolTip,"Weiß (Strg + T + 1)";"White (Ctrl + T + 1)"
B_Theme2.Content,"Silber";"Silver"
B_Theme2.ToolTipService.ToolTip,"Silber (Strg + T + 2)";"Silver (Ctrl + T + 2)"
B_Theme3.Content,"Sepia";"Sepia"
B_Theme3.ToolTipService.ToolTip,"Sepia (Strg + T + 3)";"Sepia (Ctrl + T + 3)"
B_Theme4.Content,"Nacht";"Night"
B_Theme4.ToolTipService.ToolTip,"Nacht (Strg + T + 4)";"Night (Ctrl + T + 4)"
B_Theme5.Content,"Solarisiert";"Solarized"
B_Theme5.ToolTipService.ToolTip,"Solarisiert (Strg + T + 5)";"Solarized (Ctrl + T + 5)"
B_Theme6.Content,"Benutzerdefiniert";"Custom"
B_TOC.ToolTipService.ToolTip,"Inhaltsverzeichnis";"Table Of Contents"
B_ToggleFav.ToolTipService.ToolTip,"Favoriten umschalten";"Toggle Favorite"
B_ToggleFullscreen.ToolTipService.ToolTip,"Vollbild umschalten (F11)";"Toggle Fullscreen (F11)"
B_Translate.ToolTipService.ToolTip,"Übersetzen";"Translate"
B_Tw.ToolTipService.ToolTip,"Folgen Sie uns auf Twitter";"Follow us on Twitter"
B_ZoomIn.ToolTipService.ToolTip,"Vergrößern";"Zoom In"
B_ZoomOut.ToolTipService.ToolTip,"Verkleinern";"Zoom Out"
C_AddFolder_AddRecent.Content,"Bücher zur Liste der zuletzt verwendeten Bücher hinzufügen";"Add books to recent list"
C_AddFolder_AutoRemove.Content,"Bücher automatisch aus der Bibliothek entfernen (einschließlich Notizen, Markierungen usw.), wenn Dateien aus dem Ordner gelöscht werden";"Automatically remove books from the library (including notes, highlights, etc) when files are deleted from the folder"
C_AddFolder_RecSearch.Content,"Unterordner rekursiv durchsuchen";"Recursively search sub-folders"
C_AddFolder_SyncFolder.Content,"Diesen Ordner synchronisieren und automatisch neue Bücher hinzufügen";"Sync this folder and automatically add new books"
C_Backup_AStats.Content,"App-Statistiken";"App statistics"
C_Backup_BFav.Content,"Buchfavoritenliste";"Book favorite list"
C_Backup_BFiles.Content,"Buchdateien";"Book files"
C_Backup_BMeta.Content,"Buchmetadaten";"Book metadata"
C_Backup_Bookmarks.Content,"Lesezeichen";"Bookmarks"
C_Backup_Config.Description,"Konfiguration für Sicherungs- oder Wiederherstellungsvorgang auswählen";"Select the configuration for backup or restore operation"
C_Backup_Config.Title,"Konfiguration auswählen";"Choose configuration"
C_Backup_NandH.Content,"Notizen und Markierungen";"Notes & highlights"
C_Backup_Operation.Description,"Vorgang auswählen, den Sie ausführen möchten";"Select the operation you want to perform"
C_Backup_Operation.Title,"Vorgang auswählen";"Choose operation"
C_Backup_Storage.Description,"Quell- oder Zielspeicher für den Vorgang auswählen";"Select the source or target storage for the operation"
C_Backup_Storage.Title,"Speicher auswählen";"Choose storage"
C_Books.ToolTipService.ToolTip,"Bücher";"Books"
C_ChapterList.ToolTipService.ToolTip,"Kapitelliste";"Chapter list"
C_CollectionType.ToolTipService.ToolTip,"Sammlungstyp";"Collection Type"
C_General_Advt.Description,"Präferenz für Werbeart";"Preference for type of advertisements"
C_General_Advt.Title,"Werbepräferenz";"Advt. preference"
C_General_BookTitle.Description,"Titel für alle Bücher in der Bibliotheksansicht anzeigen";"Display title for all books in the library view"
C_General_BookTitle.Title,"Buchtitel anzeigen";"Show book titles"
C_General_Lang.Description,"Schaltflächen, Menüs und andere Steuerelemente werden in dieser Sprache angezeigt. Diese Einstellung wird beim nächsten Start der App angewendet.";"Buttons, menus and other controls will show in this language. This setting will be applied on the next start of the app."
C_General_Lang.Title,"Anzeigesprache";"Display language"
C_General_Tutorial.Description,"Alle Tutorials erneut anzeigen";"Show all the tutorials again"
C_General_Tutorial.Title,"Tutorials zurücksetzen";"Reset tutorials"
C_Personal_ColorThemes.Title,"Farbthemen";"Color themes"
C_Personal_TransBanckground.Title,"Transparenter Hintergrund";"Transparent background"
C_Personal_TransBanckSlider.Title,"Hintergrundtransparenz";"Background transparency"
C_Prem1.BillDetails,"Vierteljährliche Abrechnung";"Billed quarterly"
C_Prem1.DurationString,"Monate";" months"
C_Prem2.BillDetails,"Jährliche Abrechnung";"Billed annually"
C_Prem2.DurationString,"Monate";" months"
C_Prem3.BillDetails,"Einmaliger Kauf";"One time purchase"
C_Prem3.DurationString,"Lebenslang";"Lifetime"
C_Reader_AutoLayout.Description,"Im 2-Spalten-Layout wechselt der Reader automatisch zum 1-Spalten-Layout, wenn das Gerät in den Hochformatmodus gedreht wird, und umgekehrt";"In 2-column layout when device rotates to portrait mode, reader will auto switch to 1-column layout, and vice versa"
C_Reader_AutoLayout.Title,"Automatischer Wechsel zum 1-Spalten-Layout";"Auto switch to 1 column layout"
C_Reader_AutoScroll.Description,"Automatischer Seiten-Scroll, um dem Satz zu folgen, der im Vorlesemodus vorgelesen wird";"Auto scrolls the page to follow the sentence being read in the ReadAloud mode"
C_Reader_AutoScroll.Title,"Automatischer Vorlese-Scroll";"ReadAloud auto-scroll"
C_Reader_BookFont.Description,"Reader verwendet die Originalschriftarten, die mit dem Buch geliefert werden";"Reader uses the original fonts packaged with the book"
C_Reader_BookFont.Title,"Schriftarten des Buches verwenden";"Use book's fonts"
C_Reader_DictLang.Description,"Sprache des Wörterbuchs im Reader";"Language of the in-reader dictionary"
C_Reader_DictLang.Title,"Wörterbuchsprache";"Dictionary language"
C_Reader_EnhRender.Description,"Verbessert das Format/Layout, in dem Bücher zum Lesen dargestellt werden";"Improves the format/layout in which books are rendered for reading"
C_Reader_EnhRender.Title,"Verbesserte Darstellung";"Enhanced rendering"
C_Reader_SearchEngine.Description,"Suchmaschine für Websuche";"Search engine to use for web search"
C_Reader_SearchEngine.Title,"Suchmaschine";"Search engine"
C_Reader_StdMrgn.Description,"Überschreibt alle im Buch angegebenen Ränder, um ein einheitliches Layout im Reader bereitzustellen";"Overrides any margin specified in the book to provide consistent layout in the reader"
C_Reader_StdMrgn.Title,"Standardisierte Ränder";"Standardize margins"
C_Reader_TextAlign.Description,"Überschreibt alle im Buch festgelegten Textausrichtungseinstellungen, um ein einheitliches Layout im Reader bereitzustellen";"Overrides any text alignment preference set in the book to provide consistent layout in the reader"
C_Reader_TextAlign.Title,"Textausrichtung überschreiben";"Override text alignment"
C_ShowFavs.Content,"Nur Favoriten anzeigen";"Show only favorites"
CB_Category.ToolTipService.ToolTip,"Kategorien";"Categories"
EBI_Author.Text,"Autor(en):";"Author(s) : "
EBI_Cover1.Content,"Cover auswählen";"Select cover"
EBI_Cover2.ToolTipService.ToolTip,"Originalcover wiederherstellen";"Restore original cover"
EBI_Description.Text,"Beschreibung:";"Description : "
EBI_ErrMsg1,"Seriennummer darf nicht leer sein";"Series number cannot be empty"
EBI_ErrMsg2,"Seriennummer ungültig";"Series number not valid"
EBI_Genre.Text,"Genre(s):";"Genre(s) : "
EBI_Language.Text,"Sprache(n):";"Language(s) : "
EBI_Msg1.Text,"• (s) - Verwenden Sie ein Semikolon ( ), um mehrere Einträge zu trennen.";" • (s) - Use semi-colon (;) to separate multiple entries."
EBI_Publisher.Text,"Verlag(en):";"Publisher(s) : "
EBI_Series.Text,"Reihe:";"Series : "
EBI_SeriesNumber.Text,"Reihennummer:";"Series Number : "
EBI_Title.Text,"Buchinformationen bearbeiten";"Edit book information"
IAP_Discount.Text,"20 % Rabatt";"20% off"
IAP_Popular.Text,"Beliebteste";"Most Popular"
M_About.Content,"Über uns";"About us"
M_AddBook.Text,"Buchdatei(en) hinzufügen";"Add book file(s)"
M_AddFavourite.Text,"Favorit hinzufügen";"Add Favourite"
M_AddFolder.Text,"Ordner hinzufügen";"Add folder"
M_Backup.Content,"Sichern und Wiederherstellen";"Backup & Restore"
M_BookInfo.Text,"Buchinfo";"Book Info"
M_ChngLog.Content,"Änderungsprotokoll";"Change log"
M_CreationTime.Text,"Erstellungszeit";"Creation time"
M_Edit.Text,"Bearbeiten";"Edit"
M_EditBookInfo.Text,"Buchinfo bearbeiten";"Edit Book Info"
M_General.Content,"Allgemein";"General"
M_OpenBook.Text,"Buch öffnen";"Open Book"
M_Personal.Content,"Personalisierung";"Personalization"
M_PinUnpin.Text,"An Anfang anheften/lösen";"Pin/Unpin to Start"
M_PosInBook.Text,"Position im Buch";"Position in book"
M_Reader.Content,"Reader";"Reader"
M_Remove.Text,"Entfernen";"Remove"
M_RemoveFavourite.Text,"Favorit entfernen";"Remove Favourite"
M_SaveToFile.Text,"In Datei speichern";"Save to file"
M_Share.Text,"Teilen";"Share"
M_SyncFolder.Content,"Ordner synchronisieren";"Sync folders"
N_Collections.Content,"Sammlungen";"Collections"
N_Feedback.Content,"Feedback";"Feedback"
N_Home.Content,"Startseite";"Home"
N_Library.Content,"Bibliothek";"Library"
N_OnlineBooks.Content,"Online-Bücher";"Online Books"
N_Premium.Content,"Premium";"Premium"
N_ReportBug.Content,"Fehler melden";"Report bug"
N_Settings.Content,"Einstellungen";"Settings"
N_Statistics.Content,"Statistiken";"Statistics"
RI_No,"Nein";"No"
RI_Title.Text,"Gefällt Ihnen Aquile Reader?";"Are you enjoying Aquile Reader?"
RI_Title2,"Würden Sie sich einen Moment Zeit nehmen, um uns im Store zu bewerten?";"Would you spare a moment to rate us on the store?"
RI_Title3,"Möchten Sie uns Feedback geben?";"Would you like to share some feedback with us?"
RI_Yes.Content,"Ja";"Yes"
S_ActSub,"Aktives Abonnement";"Active subscription"
S_ActSub_Msg1,"Sie haben offenbar bereits ein aktives Abonnement. Denken Sie daran, es zu kündigen, um zusätzliche Rechnungen zu vermeiden.";"Looks like you already have an active subscription, make sure to cancel it to avoid additional billing."
S_AddMore,"Mehr hinzufügen ...";"Add more ..."
S_AddSite_Err1,"Der Titel darf nicht leer sein";"Title cannot be empty"
S_AddSite_Err2,"Die Titellänge kann bis zu 100 Zeichen betragen";"Title length can be up-to 100 chars"
S_AdMsg1,"Upgrade auf PREMIUM-Version";"Upgrade to PREMIUM version"
S_AdMsg2,"Klicken Sie hier, um Anzeigen zu entfernen und Funktionen zu erhalten.";"To remove Ads and get additional features, click here."
S_All,"Alle";"All"
S_AppWidthBookInfo,"App-Fensterbreite zu klein, um Buchinfofenster zu öffnen.";"App window width too small to open Book info pane."
S_AppWidthLess,"App-Fensterbreite zu klein.";"App window width too less."
S_AS_AvgPagePerHr,"Durchschnittliche Anzahl der pro Stunde umgeblätterten Seiten";"Avg. number of pages flipped per hour"
S_AS_AvgReadHours,"Durchschnittliche Lesestunden pro Tag";"Avg. reading hours per day"
S_AS_AvgTimePerPage,"Durchschnittliche Lesezeit (Sek.) pro Seite";"Avg. reading time (sec) per page"
S_AS_Msg1,"Möchten Sie wirklich alle Statistiken löschen?";"Are you sure you want to clear all statistics?"
S_AS_NumBooksLib,"Anzahl der Bücher in der Bibliothek";"Number of books in library"
S_AS_NumBooksRead,"Anzahl der gelesenen Bücher";"Number of books read"
S_AS_NumPagesTurned,"Anzahl der umgeblätterten Seiten";"Number of pages flipped"
S_AS_SpeedWPM,"Lesegeschwindigkeit (Wörter pro Minute)";"Reading speed (words per minute)"
S_AS_TotalReadHours,"Gesamtlesestunden";"Total reading hours"
S_B_Close,"Schließen";"Close"
S_B_OnlineBookContent1,"Wählen Sie die Website aus, von der Sie das eBook herunterladen möchten. [1/4]";"Select the website from where you want to download the eBook. [1/4]"
S_B_OnlineBookContent2,"Durchsuchen Sie den Katalog und klicken Sie auf einen beliebigen eBook-Download-Link. Die App lädt das Buch herunter und fügt es der Bibliothek hinzu. [2/4]";"Browse the catalog and click on any eBook download link. App will download the book and add it to the library. [2/4]"
S_B_OnlineBookContent3,"Ihre Downloads werden hier angezeigt. [3/4]";"Your downloads would appear here. [3/4]"
S_B_OnlineBookContent4,"Fügen Sie Ihre eigene Website hinzu, von der Sie eBooks herunterladen möchten. [4/4]";"Add your own website from where you want to download eBooks. [4/4]"
S_B_OnlineBookTitle1,"E-Book-Website auswählen";"Select eBook website"
S_B_OnlineBookTitle2,"E-Book herunterladen";"Download eBook"
S_B_OnlineBookTitle3,"Downloads verfolgen";"Track downloads"
S_B_OnlineBookTitle4,"E-Book-Website hinzufügen";"Add eBook website"
S_B_PauseReading,"Lesen unterbrechen (Leertaste)";"Pause Reading (Space)"
S_B_StartReading,"Lesen starten (Leertaste)";"Start Reading (Space)"
S_B_TutDone,"Fertig";"Done"
S_B_TutNext,"Weiter";"Next"
S_B_TutReaderContent1,"Tippen Sie auf die Bildschirmränder, wischen Sie über die Seite, verwenden Sie die Tasten ← / → auf der Tastatur oder das Mausrad, um zur nächsten oder vorherigen Seite zu gelangen. [1/8]";"Tap on the edges of the screen, swipe the page, use ← / → keyboard keys or use mouse scroll wheel, to go to next or previous page. [1/8]"
S_B_TutReaderContent2,"Wählen Sie Text aus oder klicken Sie mit der rechten Maustaste auf ein beliebiges Wort, um das Kontextmenü des Readers zu öffnen. Sie können hier Notizen, Markierungen oder Lesezeichen hinzufügen. [2/8]";"Select text or right click on any word to open the Reader context menu. You can add note, highlight or bookmark from here. [2/8]"
S_B_TutReaderContent3,"Greifen Sie von hier aus auf das Inhaltsverzeichnis des Buches zu. [3/8]";"Access the table of contents of the book from here. [3/8]"
S_B_TutReaderContent4,"Ihre Notizen und Markierungen werden hier aufgelistet. [4/8]";"Your notes and highlights would be listed here. [4/8]"
S_B_TutReaderContent5,"Hier erscheinen gesetzte Lesezeichen. [5/8]";"Set bookmarks would appear here. [5/8]"
S_B_TutReaderContent6,"Suche im aktuellen Kapitel oder im gesamten Buch. [6/8]";"Search in the current chapter or the entire book. [6/8]"
S_B_TutReaderContent7,"Hiermit kannst Du Dir den Buchinhalt vorlesen lassen (Text-to-Speech). [7/8]";"You can use this to read aloud the book contents (text-to-speech). [7/8]"
S_B_TutReaderContent8,"Hier kannst Du Seitenlayout, Stil, Farbschema etc. konfigurieren. [8/8]";"You can configure the page layout, style, color scheme, etc. from here. [8/8]"
S_B_TutReaderTitle1,"Seitenwechsel";"Page change"
S_B_TutReaderTitle2,"Kontextmenü des Readers";"Reader context menu"
S_B_TutReaderTitle3,"Inhaltsverzeichnis";"Table of contents"
S_B_TutReaderTitle4,"Notizen und Markierungen";"Notes and highlights"
S_B_TutReaderTitle5,"Lesezeichen";"Bookmarks"
S_B_TutReaderTitle6,"Suchen";"Search"
S_B_TutReaderTitle7,"Vorlesen";"ReadAloud"
S_B_TutReaderTitle8,"Textstil";"Text style"
S_Backup,"Backup";"Backup"
S_Backup_ErrMsg1,"Wählen Sie mindestens 1 Konfiguration aus";"Select at-least 1 configuration"
S_Backup_ErrMsg2,"Vorgang fehlgeschlagen. Bitte wenden Sie sich an den Support.";"Operation failed. Plz contact support."
S_BannerAds,"Banneranzeigen";"Banner Ads"
S_BookAddedMsg,"{0}: Buch erfolgreich hinzugefügt.";"{0}: Book added successfully."
S_BookAddStartScreen,"Buch zum Startbildschirm hinzugefügt.";"Book added to start screen."
S_BookExistsMsg,"{0}: Buch existiert bereits.";"{0}: Book already exists."
S_BookFont,"Buchschriftart";"Book's font"
S_BookmarkAdded,"Lesezeichen hinzugefügt.";"Bookmark added."
S_BookmarkExists,"Lesezeichen existiert bereits.";"Bookmark already exists."
S_BookRmStartScreen,"Buch vom Startbildschirm entfernt.";"Book removed from start screen."
S_BooksAdded,"{0} Buch(e) hinzugefügt.";"{0} book(s) added."
S_BooksAlreadyExists,"Buch existiert bereits.";"Book already exists."
S_BookSystemLimitError_Msg,"Es können keine weiteren Bücher hinzugefügt werden, da das Systemlimit erreicht wurde. Ziehen Sie in Erwägung, einzeln hinzugefügte Buchdateien zu entfernen und verwenden Sie die Option „Ordner hinzufügen“, um Bücher in großen Mengen hinzuzufügen.";"Cannot add more books as the system limit has been reached. Consider removing individually added book files and use 'Add Folder' option to add books in bulk."
S_BookSystemLimitError_Title,"Buch(e) können nicht hinzugefügt werden";"Unable to add book(s)"
S_Cancelled,"Abgebrochen";"Cancelled"
S_Collapse,"Zusammenklappen";"Collapse"
S_CollectionConstAll,"Alle";"All"
S_CollectionConstBookmarks,"Lesezeichen";"Bookmarks"
S_CollectionConstHighlights,"Hervorhebungen";"Highlights"
S_CollectionConstNotes,"Notizen";"Notes"
S_Completed,"Abgeschlossen";"Completed"
S_Confirmation,"Bestätigung";"Confirmation"
S_CTheme1,"Weinberg";"Vine Yard"
S_CTheme2,"Dunkle Seite";"Dark Side"
S_CTheme3,"Frische Beeren";"Fresh Berry"
S_CTheme4,"Breiiges Orange";"Pulpy Orange"
S_CTheme5,"Klarer Himmel";"Clear sky"
S_CTheme6,"Blitz";"Flash"
S_CTheme7,"Türkis";"Turquoise"
S_CTheme8,"Grüner Apfel";"Green Apple"
S_CThemeMsg1,"Design in die Zwischenablage kopiert.";"Theme copied to clipboard."
S_CThemeMsg2,"Design nicht ausgewählt.";"Theme not selected."
S_CurrentChapter,"Aktuelles Kapitel";"Current chapter"
S_DateAdded.Text,"Hinzugefügt am:";"Date added : "
S_Description.Text,"Beschreibung:";"Description : "
S_DockLeft,"Links andocken";"Dock left"
S_DockRight,"Rechts andocken";"Dock right"
S_DownloadBook,"Buch herunterladen";"Download book"
S_DownloadBook_Msg,"Möchten Sie dieses Buch herunterladen und zur Bibliothek hinzufügen?";"Do you want to download this book and add to library?"
S_Downloading,"Herunterladen";"Downloading"
S_EntireBook,"Gesamtes Buch";"Entire book"
S_ErrMsg1,"Aquile Reader hat keine Berechtigung, auf die Buchdatei zuzugreifen - {0}. Klicken Sie auf „Berechtigung erteilen“ und wählen Sie dieselbe Buchdatei im Dateiauswahlfenster aus.";"Aquile Reader does not have permission to access the book file - {0}. Click 'Grant Permission' and select the same book file in the file picker window."
S_ErrMsg1_btn,"Berechtigung erteilen";"Grant Permission"
S_ErrMsg2,"Die Datei, die Sie öffnen möchten, existiert nicht mehr. Bitte überprüfen Sie sie und versuchen Sie es erneut.";"The file you are trying to open, no longer exists. Please check and try again."
S_ErrMsg3,"Die Datei wird möglicherweise verwendet, ist gesperrt oder Sie verfügen nicht über ausreichende Berechtigungen.";"The file may be in use, locked, or you don't have sufficient permissions."
S_ErrMsg4,"Die ausgewählte Datei unterscheidet sich von der ursprünglichen Buchdatei - {0}.";"Selected File is different from the original book file - {0}."
S_ErrMsg6,"Wenn das Problem weiterhin besteht, wenden Sie sich bitte an den Support.";"If the problem persists please contact support."
S_ErrTitle1,"Auf das Buch kann nicht zugegriffen werden!";"Unable to access the book!"
S_ErrTitle2,"Datei existiert nicht!";"File does not exist!"
S_ErrTitle3,"Datei kann nicht geöffnet werden!";"Can't open file!"
S_ErrTitle4,"Nicht dieselbe Datei!";"Not the same file!"
S_ErrTitle5,"Unerwarteter Fehler aufgetreten!";"Unexpected error occurred!"
S_ErrTitle6,"Datei konnte nicht geöffnet werden";"Couldn't open file"
S_Expand,"Erweitern";"Expand"
S_Failed,"Fehlgeschlagen";"Failed"
S_FileCountLimitBtn1,"Abbrechen und „Ordner hinzufügen“ verwenden";"Abort and use 'Add Folder'"
S_FileCountLimitBtn2,"Weiter Bücher hinzufügen";"Continue to add books"
S_FileCountLimitMsg,"Das Hinzufügen einer großen Anzahl einzelner Buchdateien kann das Systemlimit erreichen und somit das Hinzufügen neuer Bücher verhindern. Verwenden Sie die Option „Ordner hinzufügen“, um Buchdateien in großen Mengen hinzuzufügen.";"Adding large number of individual book files can hit system limit, thus preventing new book from being added. Use 'Add Folder' option to add book files in bulk."
S_FileCountLimitTitle,"Warnung!";"Warning!"
S_FileNotSaved,"{0} konnte nicht gespeichert werden.";"{0} could not be saved."
S_FilePath.Text,"Dateipfad:";"File path : "
S_FileSaved,"{0} wurde gespeichert.";"{0} was saved."
S_Genre.Text,"Genre:";"Genre : "
S_GoPrem,"Premium nutzen";"Go Premium"
S_HighNotes_Msg1,"Ausgewählter Inhalt darf keine Leerzeichen aus Kopf- oder Fußzeile enthalten. Bitte erneut auswählen.";"Selected content should not include the white spaces from header or footer. Please re-select."
S_HighNotesMsg1,"Bei geöffnetem Suchfenster kann keine Hervorhebung hinzugefügt werden.";"Highlight cannot be added while search pane is open."
S_HighNotesMsg2,"Ausgewählter Text für Hervorhebung und Notiz darf sich nicht überschneiden.";"Selected text for Highlight and Note cannot overlap."
S_HighNotesMsg3,"Für die Hervorhebung muss mindestens 1 Zeichen ausgewählt werden.";"Minimum 1 character must be selected for highlight."
S_HighNotesMsg4,"Für die Hervorhebung können maximal 4000 Zeichen ausgewählt werden.";"Maximum 4000 characters can be selected for highlight."
S_HighNotesMsg5,"Bei geöffnetem Suchfenster kann keine Notiz hinzugefügt werden.";"Note cannot be added while search pane is open."
S_HighNotesMsg6,"Ausgewählter Text für Notiz und Hervorhebung darf sich nicht überschneiden.";"Selected text for Note and Highlight cannot overlap."
S_HighNotesMsg7,"Für das Hinzufügen einer Notiz muss mindestens 1 Zeichen ausgewählt werden.";"Minimum 1 character must be selected for adding note."
S_HighNotesMsg8,"Zum Hinzufügen einer Notiz können maximal 4000 Zeichen ausgewählt werden.";"Maximum 4000 characters can be selected for adding note."
S_HighNotesMsg9,"Hinweistext darf nicht leer sein.";"Note text cannot be empty."
S_InterstitialAds,"Interstitial-Anzeigen";"Interstitial Ads"
S_InvalidUrl,"Ungültige URL";"Invalid URL"
S_Language.Text,"Sprache:";"Language : "
S_LastRead.Text,"Zuletzt gelesen:";"Last read : "
S_LibConstAllBooks,"Alle Bücher";"All Books"
S_LibConstCompleted,"Abgeschlossen";"Completed"
S_LibConstDownloads,"Downloads";"Downloads"
S_LibConstFav,"Favoriten";"Favourites"
S_LibConstNotStarted,"Nicht begonnen";"Not Started"
S_LibConstReading,"Lesen";"Reading"
S_LineCount.Text,"Zeilenanzahl:";"Line count : "
S_matchesFound,"{0} Übereinstimmungen gefunden";"{0} matches found"
S_MoreFonts,"Weitere Schriftarten erhalten!!";"Get more fonts!!"
S_No,"Nein";"No"
S_None,"(Keine)";"(None)"
S_NotSupported,"Nicht unterstützt";"Not supported"
S_NotSupported_Msg,"Der Download von anderen Dateien als .epub wird nicht unterstützt";"Download of files other than .epub is not supported"
S_OnlineBook_CompleteAdded,"Abgeschlossen | Zur Bibliothek hinzugefügt";"Completed | Added to library"
S_OnlineBook_CompleteExists,"Abgeschlossen | Existiert bereits";"Completed | Already exists"
S_OnlineBook_CompleteFailAdd,"Abgeschlossen | Hinzufügen zur Bibliothek fehlgeschlagen";"Completed | Failed to add to library"
S_PercentageRead.Text,"Prozentsatz gelesen:";"Percentage read : "
S_Pin,"Anheften";"Pin"
S_Prem_Msg1,"Entschuldigung! Sieht so aus, als ob Sie dies bereits besitzen, wir haben unsere Aufzeichnungen aktualisiert, um dies korrekt wiederzugeben.";"Apologies! Looks like you already own this, we have updated our records to reflect this correctly."
S_Prem_Msg2,"Gratulation! Der Kauf war erfolgreich.";"Congrats! The purchase was successful."
S_Prem_Msg3,"Entschuldigung! Sieht so aus, als ob die Transaktion abgebrochen wurde, bitte versuchen Sie es erneut.";"Sorry! Looks like the transaction was canceled, plz try again."
S_Prem_Msg4,"Entschuldigung! Sieht so aus, als ob der Kauf aufgrund von Netzwerkproblemen fehlgeschlagen ist, bitte versuchen Sie es erneut.";"Sorry! Looks like the purchase failed due to network issues, plz try again."
S_Prem_Msg5,"Entschuldigung! Sieht so aus, als ob der Kauf aufgrund eines Serverfehlers fehlgeschlagen ist, bitte versuchen Sie es erneut.";"Sorry! Looks like the purchase failed due to some server error, plz try again."
S_Prem_Msg6,"Entschuldigung! Beim Kauf ist etwas schiefgelaufen, bitte versuchen Sie es erneut.";"Sorry! Something went wrong during the purchase, plz try again."
S_PremAnnual,"Premium [jährlich]";"Premium [Annual]"
S_PremFree,"Kostenlos";"Free"
S_PremiumBooksCount,"Die kostenlose Version der App unterstützt nur {0} Bücher gleichzeitig in der Bibliothek. Um weitere hinzuzufügen, aktualisieren Sie bitte auf Aquile Reader Premium.";"Free version of the app supports only {0} books in the library at a time. To add more, please upgrade to Aquile Reader Premium."
S_PremiumCollection,"Die kostenlose Version der App unterstützt insgesamt {0} Sammlungselemente. Um weitere hinzuzufügen, aktualisieren Sie bitte auf Aquile Reader Premium.";"Free version of the app supports total of {0} collections items. To add more, please upgrade to Aquile Reader Premium."
S_PremiumColorThemes,"Die kostenlose Version der App unterstützt nur {0} benutzerdefinierte Designs. Um weitere hinzuzufügen, aktualisieren Sie bitte auf Aquile Reader Premium.";"Free version of the app supports only {0} custom themes. To add more, please upgrade to Aquile Reader Premium."
S_PremiumFonts,"Aktualisieren Sie auf Premium und erhalten Sie Zugriff auf alle auf dem System installierten Schriftarten.";"Upgrade to Premium and get access to all fonts installed on the system."
S_PremiumPin,"Die kostenlose Version der App unterstützt nur {0} Bücher, die gleichzeitig an den Startbildschirm angeheftet sind. Um weitere hinzuzufügen, aktualisieren Sie bitte auf Aquile Reader Premium.";"Free version of the app supports only {0} books pinned to start screen at a time. To add more, please upgrade to Aquile Reader Premium."
S_PremiumRAHighlight,"Benutzerdefinierte ReadAloud-Hervorhebungsfarben sind nur in Aquile Reader Premium verfügbar. Aktualisieren Sie auf Premium und genießen Sie alle Funktionen.";"Custom ReadAloud highlight colors are only available in Aquile Reader Premium. Upgrade to Premium and enjoy all the features."
S_PremiumSyncFolders,"Die kostenlose Version der App unterstützt nur {0} Synchronisierungsordner. Um weitere hinzuzufügen, aktualisieren Sie bitte auf Aquile Reader Premium.";"Free version of the app supports only {0} sync folder(s). To add more, please upgrade to Aquile Reader Premium."
S_PremiumThemes,"Benutzerdefinierte Seitendesigns sind nur in Aquile Reader Premium verfügbar. Aktualisieren Sie auf Premium und genießen Sie alle Funktionen.";"Custom Page Themes are only available in Aquile Reader Premium. Upgrade to Premium and enjoy all the features."
S_PremLife,"Premium [Lebenslang]";"Premium [Lifetime]"
S_PremOff1,"25 % Rabatt";"25% off"
S_PremOff2,"30 % Rabatt";"30% off"
S_PremQuarterly,"Premium [Vierteljährlich]";"Premium [Quarterly]"
S_PremTrial,"Premium [Testversion]";"Premium [Trial]"
S_PremUpg,"Premium-Upgrade";"Premium upgrade"
S_Publisher.Text,"Herausgeber:";"Publisher : "
S_ReadAloud_Err1,"Text-to-Speech-Konfigurationsfehler";"Text-to-Speech configuration error"
S_ReadAloud_ErrMsg1,"Text-to-Speech ist auf diesem Gerät nicht richtig konfiguriert. Folgen Sie bitte dem Link „So beheben Sie das Problem“, um es richtig zu konfigurieren. Wenn das Problem weiterhin besteht, wenden Sie sich an den Support.";"Text-to-Speech is not configured correctly on this device, please follow the 'How to fix' link to configure it correctly. If the issue persists, contact support."
S_ReadAloud_ErrMsg1_btn,"So beheben Sie das Problem";"How to fix"
S_ReadAloudMsg1,"Kapitelwechsel sind im Vorlesemodus nicht zulässig.";"Chapter change is not allowed in ReadAloud mode."
S_ReadAloudMsg2,"Unlesbare Zeichen erkannt. Überspringen.";"Unreadable characters detected. Skipping."
S_ReadAloudMsg3,"Nächstes Kapitel.";"Next chapter."
S_ReadAloudMsg4,"Beim Lesen ist ein unerwarteter Fehler aufgetreten.";"Unexpected error occurred while reading."
S_Restore,"Wiederherstellen";"Restore"
S_RmSyncFolderMsg1,"{0} Buch(er) entfernt.";"{0} book(s) removed."
S_Save,"Speichern";"Save"
S_SelectBackupFile,"Sicherungsdatei auswählen";"Select backup file"
S_SelectFolder,"Ordner auswählen";"Select folder"
S_Series.Text,"Serie:";"Series : "
S_ShareCollection,"Sammlungen teilen";"Share collections"
S_SomethingWentWrong,"Etwas ist schiefgelaufen!";"Something went wrong!"
S_Sync_Now,"Jetzt synchronisieren";"Sync now"
S_Sync_syncing,"Synchronisieren ...";"Syncing ..."
S_SyncFolder,"Ordner synchronisieren";"Sync Folder"
S_TextCopied,"Ausgewählter Text in die Zwischenablage kopiert.";"Selected text copied to clipboard."
S_TOCMsg1,"Inhaltsverzeichnis wird noch geladen ...";"Table of Contents is still loading..."
S_Understand,"Ich verstehe";"I understand"
S_UnPin,"Entfernen";"Un-Pin"
S_Update,"Aktualisieren";"Update"
S_UpdateFolder,"Ordner aktualisieren";"Update folder"
S_UrlNotExist,"URL existiert nicht!";"Url does not exist!"
S_WordCount.Text,"Wortanzahl:";"Word count : "
S_WrongMsg1,"Tut mir leid, aber es sieht so aus, als wäre gerade etwas schiefgelaufen. Versuchen Sie, die Datei erneut zu öffnen. Wenn das Problem weiterhin besteht, wenden Sie sich bitte an den Support.";"Sorry, but looks like something just went wrong. Try opening the file again. If the problem persists please contact support."
S_Yes,"Ja";"Yes"
T_About_copyright.Text,"© Optimilia Studios. Alle Rechte vorbehalten.";"© Optimilia Studios. All Rights Reserved."
T_AddBook.Text,"Fügen Sie ein Buch hinzu, um loszulegen";"Add a book to get started"
T_AddFolderMsg1.Text,"Scannen und Bücher hinzufügen";"Scanning and adding books"
T_AddFolderRes1.Text,"Neue Bücher hinzugefügt:";"New books added : "
T_AddFolderRes2.Text,"Bereits vorhandene Bücher:";"Already existing books : "
T_AddFolderRes3.Text,"Bücher konnten nicht hinzugefügt werden:";"Failed to add books : "
T_AddSite.Text,"Site hinzufügen";"Add site"
T_AddTheme.Text,"Design hinzufügen";"Add theme"
T_AquilePremium.Text,"Aquile Reader Premium";"Aquile Reader Premium"
T_Backup_Beta.Text,"Beta";"Beta"
T_Backup_Bkp.Text,"Erstellen Sie eine Sicherungskopie mit den ausgewählten Konfigurationen.";"Create a backup copy with the selected configurations."
T_Backup_Heading.Text,"Sichern und Wiederherstellen";"Backup & Restore"
T_Backup_Restore.Text,"Stellen Sie die ausgewählten Konfigurationen aus der Sicherungsdatei wieder her. Hinweis: Dadurch werden die aktuellen Konfigurationen überschrieben, d. h. neue Notizen, Markierungen usw. können verloren gehen, wenn sie nicht in der Sicherungskopie enthalten sind.";"Restore the selected configurations from the backup file. Note: This will override current configurations, e.g. new notes, highlights etc can be lost if they are not contained in the backup copy."
T_BookmarksEmpty.Text,"Finden Sie hier Ihre Lesezeichen.";"Find your bookmarks here."
T_ChangeLog.Text,"Änderungsprotokoll";"Change log"
T_Credits1.Text,"Credits";"Credits"
T_CurrentPlan.Text,"Aktueller Plan:";"Current Plan :"
T_Custom1,"1. Hintergrundfarbe auswählen";"1. Select background color"
T_Custom2,"2. Vordergrundfarbe für Text auswählen";"2. Select text foreground color"
T_Custom3,"3. Farbmodus auswählen";"3. Select color mode"
T_DictWebSrch1.Text,"Suchen Sie im";"Look this up"
T_DictWebSrch2.Text," Internet danach";"on the web"
T_Downloads1.Text,"Finden Sie hier Ihre Downloads.";"Find your downloads here."
T_Exp.Text,"Experimentell";"Experimental"
T_ExpDetails.Text,"Diese Funktionen befinden sich noch in der Entwicklung und sind möglicherweise etwas instabil oder fehlerhaft. Sie können sie ausprobieren und uns Feedback geben.";"These features are still in development and might be little unstable or buggy. You can try them out and share feedback with us."
T_ExpDetailsLink.Text,"Weitere Details und bekannte Probleme";"More details and known issues"
T_FavBooks.Text,"Lieblingsbücher";"Favourite Books"
T_FavEmptyMsg.Text,"Ihre Lieblingsbücher würden hier erscheinen";"Your favourite books would appear here"
T_FontStyle.Text,"Schriftart";"Font style"
t_For.Text,"für";"for"
T_GeneralSettings.Text,"Allgemeine Einstellungen";"General Settings"
T_HighEdit1.Text,"Textmarkierungsfarbe auswählen";"Select text highlight color"
T_HighlightColor.Text,"Markierungsfarbe";"Highlight color"
T_HighNotesEmpty.Text,"Finden Sie hier Ihre Notizen und Markierungen.";"Find your notes and highlights here."
T_Initializing.Text,"Initialisierung";"Initializing"
T_Language.Text,"Sprache";"Language"
T_LineSpace.Text,"Zeilenabstand";"Line space"
T_NoCollections.Text,"Keine Sammlungen verfügbar";"No Collections available"
T_NoDefFound.Text,"Keine Definition gefunden";"No definition found"
T_NoMatchesFound.Text,"Keine Übereinstimmungen gefunden";"No matches found"
T_NoteText.PlaceholderText,"Notiztext eingeben";"Enter note text"
T_OBPlaceHolder.Text,"Wählen Sie die Site aus, um mit dem Herunterladen von eBooks zu beginnen";"Select the site to start downloading eBooks"
T_OnlineBooksWarn1,"Wichtige Informationen";"Important Information"
T_OnlineBooksWarn2,"Wir speichern die von Websites verwendeten Cookies, um die Kontinuität Ihrer Anmeldungen aufrechtzuerhalten und ein besseres Erlebnis zu bieten.";"We save the cookies used by websites to maintain continuity of your logins and provide better experience."
T_OnlineBooksWarn3,"Wir empfehlen nicht, von hier aus Einkäufe/Zahlungen zu tätigen. Verwenden Sie hierfür bitte Ihren normalen Browser.";"We don't recommend making purchases/payments from here, please use your regular browser for the same."
T_OpeningBook.Text,"Buch öffnen";"Opening Book"
T_OpenLibrary.Text,"Bibliothek öffnen";"Open Library"
T_PageLayout.Text,"Seitenlayout";"Page layout"
T_PageTheme.Text,"Seitenthemen";"Page themes"
T_ParagraphSpace.Text,"Absatzabstand";"Paragraph space"
T_Personalization.Text,"Personalisierung";"Personalization"
T_Processing.Text,"Verarbeitung";"Processing"
T_RaPremMsg.Text,"TTS (Text-to-Speech)-Audiosteuerungen, die Lesegeschwindigkeit, Tonhöhe und Lautstärke umfassen, sind nur in der Premiumversion der App verfügbar.";"TTS (Text-to-Speech) audio controls which include reading speed, audio pitch and volume are only available in premium version of the app."
T_ReaderSettings.Text,"Reader-Einstellungen";"Reader Settings"
T_RecentReads.Text,"Letzte Lektüre";"Recent Reads"
T_RmSyncFolder.Text,"Sync-Ordner entfernen";"Remove Sync Folder"
T_RmSyncFolderConf.Text,"Möchten Sie diesen synchronisierten Ordner wirklich entfernen?";"Are you sure you want to remove this synced folder?"
T_RmSyncFolderMsg1.Text,"Bücher werden entfernt";"Removing books"
T_SBInput.PlaceholderText,"Suchen ...";"Find ..."
T_SearchBox.PlaceholderText,"Nach Titel oder Autorennamen suchen ...";"Search by title or author name ..."
T_Searching.Text,"Suchen";"Searching"
T_SeeMore.Text,"Mehr anzeigen";"See more"
T_SelectFolder.Text,"Ordner auswählen";"Select folder"
T_Settings.Text,"Einstellungen";"Settings"
T_SiteUrl.Text,"Site-URL:";"Site url : "
T_SomeWentWrong.Text,"Etwas ist schiefgelaufen. Bitte versuchen Sie es erneut.";"Something went wrong, please try again."
T_SpeechSpeed.Text,"Sprechgeschwindigkeit";"Speech speed"
T_Statistics.Text,"Statistiken";"Statistics"
T_Sync_AddFolder.Text,"Sync-Ordner hinzufügen";"Add sync folder"
T_Sync_BookCount.Text,"Buchanzahl:";"Book count : "
T_Sync_msg1.Text,"Dies bietet eine einfache Möglichkeit, die Aquile Reader-Bibliothek und Ihre lokale Büchersammlung synchron zu halten.";"This provides an easy way to keep the Aquile Reader library and your local book collection in sync."
T_Sync_msg2.Text,"Aquile Reader synchronisiert beim Start der App Bücher aus „Sync-Ordnern“ und fügt automatisch Bücher zur App-Bibliothek hinzu/entfernt sie daraus.";"Aquile Reader on app start-up syncs books from 'Sync Folders' and automatically add/remove books from the app library."
T_Sync_SyncFolders.Text,"Ordner synchronisieren";"Sync Folders"
T_TextAlignment.Text,"Textausrichtung";"Text alignment"
T_TextSize.Text,"Textgröße";"Text size"
T_TextSizeDecrease.Text,"A-";"A-"
T_TextSizeDecrease.ToolTipService.ToolTip,"Verkleinern (Strg + -)";"Decrease (Ctrl + -)"
T_TextSizeIncrease.Text,"A+";"A+"
T_TextSizeIncrease.ToolTipService.ToolTip,"Vergrößern (Strg + +)";"Increase (Ctrl + +)"
T_Title.Text,"Titel:";"Title : "
T_TocEmpty.Text,"Für dieses Buch ist kein Inhaltsverzeichnis verfügbar.";"Table of contents is not available for this book."
T_Voice.Text,"Stimme";"Voice"
T_VoiceGender.Text,"Geschlecht der Stimme";"Voice gender"
T_VoicePitch.Text,"Stimmhöhe";"Voice pitch"
T_Volume.Text,"Lautstärke";"Volume"
T_WordSpace.Text,"Wortabstand";"Word space"
TC_B_DarkMode.Content,"Dunkelmodus";"Dark mode"
TC_B_LightMode.Content,"Hellmodus";"Light mode"
TC_S_ErrMsg1,"Der Themenname sollte zwischen 1 und 15 Zeichen lang sein.";"Theme name should be between 1-15 chars."
TC_S_SelectAccentColor,"2. Akzentfarbe auswählen";"2. Select accent color"
TC_S_SelectBackColor,"1. Hintergrundfarbe auswählen";"1. Select background color"
TC_S_SelectColorMode,"3. Farbmodus auswählen";"3. Select color mode"
TC_T_ThemeName.Text,"4. Name des Themas";"4. Name of theme"
TM_Author.Text,"Autor";"Author"
TM_FilePath.Text,"Dateipfad";"File Path"
TM_Genre.Text,"Genre";"Genre"
TM_ImportTime.Text,"Importzeit";"Import time"
TM_Language.Text,"Sprache";"Language"
TM_LastReadTime.Text,"Letzte Lesezeit";"Last read time"
TM_None.Text,"(Keine)";"(None)"
TM_Publisher.Text,"Verlag";"Publisher"
TM_ReadingProg.Text,"Lesefortschritt";"Reading progress"
TM_Series.Text,"Serie";"Series"
TM_SeriesNum.Text,"Seriennummer";"Series Number"
TM_Title.Text,"Titel";"Title"
ToggleSwitch.OffContent,"Deaktiviert";"Disabled"
ToggleSwitch.OnContent,"Aktiviert";"Enabled"
S_Previous,"Zurück";"Previous"
S_B_AppRestart,"Neustart der App erforderlich";"App restart needed"
S_B_AppRestartFailed,"Die App kann nicht neu gestartet werden. Bitte manuell neu starten, damit die Änderungen wirksam werden.";"Unable to restart the app, please restart manually for changes to take effect."
S_B_LangRestartMsg,"Ein Neustart der App ist erforderlich, damit die Änderung der Anzeigesprache wirksam wird. Möchten Sie fortfahren?";"App restart is required for display language change to take effect. Do you want to proceed?"
S_B_Upgrade,"Upgrade";"Upgrade"
S_B_UpgradePremMsg,"Upgrade auf Aquile Reader Premium!";"Upgrade to Aquile Reader Premium!"
T_HelpTranslateLink.Text,"Helfen Sie beim Übersetzen in weitere Sprachen";"Help translate to more languages"
S_Free.Text,"Kostenlose Version";"Free Version"
S_Free_Msg1.Text,"Werbung in der App";"Advertisements in the app"
S_Free_Msg2.Text,"Max. 40 Sammlungselemente werden unterstützt";"Max 40 collection items supported"
S_Free_Msg3.Text,"Max. 20 Bücher in der Bibliothek";"Max 20 books in the library"
S_Free_Msg4.Text,"Benutzerdefinierte Farbschemata werden im Reader nicht unterstützt";"Custom color schemes not supported in the Reader"
S_Free_Msg5.Text,"Nur 1 benutzerdefiniertes App-Farbdesign erlaubt";"Only 1 custom app color theme allowed"
S_Free_Msg6.Text,"Begrenzte Anzahl von Schriftarten wird im Reader unterstützt";"Limited number of fonts supported in the reader"
S_Free_Msg7.Text,"Begrenzte TTS-Unterstützung (Text-to-Speech)";"Limited TTS (Text-to-Speech) support"
S_Free_Msg8.Text,"Nur 1 Synchronisierungsordner erlaubt";"Only 1 sync folder allowed"
S_Free_Msg9.Text,"Max. 5 Bücher können gleichzeitig an den Startbildschirm angeheftet werden";"Max 5 books can be pinned to Start screen at a time"
S_PremPage.Text,"Premium-Version";"Premium Version"
S_PremPage_Msg1.Text,"Werbefreies Leseerlebnis";"Ad free reading experience"
S_PremPage_Msg2.Text,"Keine Begrenzung für Sammlungen (Hervorhebungen, Notizen und Lesezeichen)";"No limit on collections (highlights, notes & bookmarks)"
S_PremPage_Msg3.Text,"Keine Begrenzung für die Anzahl der Bücher in der Bibliothek";"No limit on number of books in the library"
S_PremPage_Msg4.Text,"Benutzerdefinierte Farbschemata im Reader verfügbar";"Custom color schemes available in the Reader"
S_PremPage_Msg5.Text,"Unterstützung für eine beliebige Anzahl von benutzerdefinierten App-Farbdesigns";"Support for any number of custom app color themes"
S_PremPage_Msg6.Text,"Zugriff auf alle im System installierten Schriftarten";"Access to all fonts installed in the system"
S_PremPage_Msg7.Text,"Vollständiges TTS-Erlebnis (Text-to-Speech)";"Full TTS (Text-to-Speech) experience"
S_PremPage_Msg8.Text,"Keine Begrenzung für die Anzahl der Synchronisierungsordner";"No limit on number of sync folders"
S_PremPage_Msg9.Text,"Keine Begrenzung für die Anzahl der an den Startbildschirm angehefteten Bücher";"No limit on number books pinned to Start screen"
Sync_CloudSync.Content,"Cloud-Synchronisierung";"Cloud sync"
Sync_AllBooks,"Alle Bücher";"All Books"
Sync_AllBooksListMsg,"Alle Bücher außer den folgenden werden synchronisiert -";"All books except following are being synced -"
Sync_CloudSync_Heading.Text,"Cloud-Synchronisierung";"Cloud sync"
Sync_EnableSync.Description,"Geräteübergreifende Synchronisierung von Büchern und Metadaten mithilfe der verknüpften Google Drive-Konto.";"Toggle cross-device sync of books and metadata using the linked Google drive account."
Sync_EnableSync.Title,"Cloud-Sync aktivieren";"Enable cloud sync"
Sync_LinkAccount,"Google-Konto verknüpfen";"Link Google account"
Sync_LinkBeforeSync,"Google-Konto verknüpfen, bevor die Synchronisierung aktiviert wird.";"Link Google account before enabling sync."
Sync_LinkedGDrive,"Mit Google Drive verknüpft, verbunden mit –";"Linked to Google Drive connected to -"
Sync_SelectedBooks,"Ausgewählte Bücher";"Selected books"
Sync_SelectedBooksListMsg,"Folgende Bücher werden synchronisiert –";"Following books are being synced -"
Sync_SyncBookMode.Description,"„Alle Bücher“ bedeutet, dass standardmäßig alle Bücher synchronisiert werden, außer den ausgeschlossenen. „Ausgewählte Bücher“ bedeutet, dass standardmäßig kein Buch synchronisiert wird, außer den eingeschlossenen.";"'All Books' means by default all books will be synced, except for excluded ones. 'Selected Books' means by default no book will be synced, except for included ones."
Sync_SyncBookMode.Title,"Zu synchronisierende Bücher";"Books to sync"
Sync_SyncGDrive,"Mit Google Drive synchronisieren, verbunden mit –";"Syncing to Google Drive connected to -"
Sync_SyncInfo.Text,"Cloud-Sync ermöglicht die Verwendung von Aquile Reader auf mehreren Geräten (Android und Windows) und synchronisiert Daten zwischen ihnen für ein nahtloses Leseerlebnis. Cloud-Sync kann auch als Sicherungsdaten dienen, die nach einer Neuinstallation zur Wiederherstellung verwendet werden können.";"Cloud sync enables use of Aquile Reader on multiple devices (Android and Windows) and syncs data acorss them for seamless reading experience. Cloud sync can also serve as backup data that can be used for restore after fresh install."
Sync_SyncMsg.Description,"Nachrichten-Popups anzeigen, wenn die Synchronisierung ausgeführt wird.";"Display message pop-ups when sync is running."
Sync_SyncMsg.Title,"Nachrichten anzeigen, dass die Synchronisierung funktioniert";"Show sync working messages"
Sync_SyncUploadFiles.Description,"Quell-eBook-Dateien in die Cloud hochladen.";"Upload source eBook files to cloud."
Sync_SyncUploadFiles.Title,"eBook-Dateien synchronisieren";"Sync eBook files"
Sync_UnlinkAccount,"Google-Konto-Verknüpfung aufheben";"Unlink Google account"
S_EmptyList.Text,"Liste ist leer";"List is empty"
Sync_DisableSync,"Cloud-Sync deaktivieren";"Disable cloud sync"
Sync_EnableSyncStr,"Cloud-Sync aktivieren";"Enable cloud sync"
Sync_SyncNow.Text,"Buch jetzt synchronisieren";"Sync book now"
Sync_UploadBookFile.Text,"Buchdatei hochladen";"Upload book file"
S_AddFav,"Favorit hinzufügen";"Add Favourite"
S_RemoveFav,"Favorit entfernen";"Remove Favourite"
Sync_Cancelled,"Sync abgebrochen";"Sync cancelled"
Sync_Complete,"Sync abgeschlossen";"Sync complete"
Sync_ComplteRefreshNeeded,"Sync abgeschlossen, Kapitelaktualisierung erforderlich";"Sync complete, chapter refresh needed"
Sync_Failed,"Sync fehlgeschlagen";"Sync failed"
Sync_Started,"Sync gestartet";"Sync started"
sync_tip.Subtitle,"Cloud-Sync verwendet Google Drive, um geräteübergreifende Synchronisierung (Android und Windows) von Büchern, Buchdateien, Metadaten, Leseposition und Anmerkungen zu ermöglichen. Beim Start der App wird der neueste Status der Bücher aus der Cloud heruntergeladen. Beim Öffnen und Schließen eines Buchs wird der Status des Buchs erneut synchronisiert (sowohl nach oben als auch nach unten). Es stehen Optionen zur Verfügung, um das Synchronisierungsverhalten zu steuern. Mit der Option „Alle Bücher“ werden standardmäßig alle Bücher synchronisiert, es sei denn, der Benutzer hat einige Bücher von der Synchronisierung ausgeschlossen. „Ausgewählte Bücher“ bedeutet, dass nur vom Benutzer ausgewählte Bücher synchronisiert werden. Bücher können über das Kontextmenü des Buchs ein-/ausgeschlossen werden.";"Cloud sync uses Google Drive to enable cross device sync (Android and Windows) of books, book files, metadata, reading position and annotations. At the app start, latest state of books are downloaded from cloud. On opening and closing a book, state of the book is synced again (both upwards and downwards). Options are provided to control the sync behaviour. With 'All books' option by default all the books are synced, unless user has excluded some books from sync. 'Selected books' means only user selected books are synced. Books can be included/excluded by using the book context menu."
sync_tip.Title,"Cloud-Sync";"Cloud sync"
S_Free_Msg10.Text,"Maximal 3 Bücher können mit der Cloud synchronisiert werden.";"Max 3 books can be synced to cloud."
S_PremiumCloudSync,"Die kostenlose Version unterstützt nur die Option „Ausgewählte Bücher“. Bitte aktualisieren Sie auf Aquile Reader Premium, um alle Funktionen nutzen zu können.";"Free version supports only 'Selected Books' option. Please upgrade to Aquile Reader Premium to enjoy all features."
S_PremiumCloudSyncLimit,"Die kostenlose Version der App unterstützt nur {0} Bücher, die mit der Cloud synchronisiert werden können. Um mehr hinzuzufügen, aktualisieren Sie bitte auf Aquile Reader Premium.";"Free version of the app supports only {0} books to be synced to cloud. To add more, please upgrade to Aquile Reader Premium."
S_PremPage_Msg10.Text,"Keine Einschränkung bei den Cloud-Synchronisierungsoptionen.";"No limitation on cloud sync options."